Account,Campaign,Campaign Type,Networks,Ad Group,Keyword,Match Type,Final URL
ณัฐพล2 (หนึ่ง),Search - Airless Sprayer - TH,Search,Google Search,Airless - Core,เครื่องพ่นสีแรงดันสูง,Exact,https://www.rubyshop.co.th/product-categories/airless-sprayer
ณัฐพล2 (หนึ่ง),Search - Airless Sprayer - TH,Search,Google Search,Airless - Core,เครื่องพ่นสี,Exact,https://www.rubyshop.co.th/product-categories/airless-sprayer
ณัฐพล2 (หนึ่ง),Search - Airless Sprayer - TH,Search,Google Search,Airless - Core,airless sprayer,Exact,https://www.rubyshop.co.th/product-categories/airless-sprayer
ณัฐพล2 (หนึ่ง),Search - Airless Sprayer - TH,Search,Google Search,Airless - Core,เครื่องพ่นสีแรงดันสูง,Phrase,https://www.rubyshop.co.th/product-categories/airless-sprayer
ณัฐพล2 (หนึ่ง),Search - Airless Sprayer - TH,Search,Google Search,Airless - Core,airless paint sprayer,Phrase,https://www.rubyshop.co.th/product-categories/airless-sprayer
ณัฐพล2 (หนึ่ง),Search - Airless Sprayer - TH,Search,Google Search,Airless - Model,rb999s,Exact,https://www.rubyshop.co.th/products/rubyshop-rb999s
ณัฐพล2 (หนึ่ง),Search - Airless Sprayer - TH,Search,Google Search,Airless - Model,rb-360,Exact,https://www.rubyshop.co.th/products/rb-360s
ณัฐพล2 (หนึ่ง),Search - Wall Chaser - TH,Search,Google Search,Wall Chaser - Core,เครื่องกรีดผนัง,Exact,https://www.rubyshop.co.th/product-categories/cutting-chaser
ณัฐพล2 (หนึ่ง),Search - Wall Chaser - TH,Search,Google Search,Wall Chaser - Core,เครื่องเซาะร่องผนัง,Exact,https://www.rubyshop.co.th/product-categories/cutting-chaser
ณัฐพล2 (หนึ่ง),Search - Wall Chaser - TH,Search,Google Search,Wall Chaser - Core,wall chaser,Exact,https://www.rubyshop.co.th/product-categories/cutting-chaser
ณัฐพล2 (หนึ่ง),Search - Wall Chaser - TH,Search,Google Search,Wall Chaser - Core,เครื่องกรีดผนัง,Phrase,https://www.rubyshop.co.th/product-categories/cutting-chaser
ณัฐพล2 (หนึ่ง),Search - Wall Chaser - TH,Search,Google Search,Wall Chaser - Model,wallcd-100a,Exact,https://www.rubyshop.co.th/products/ruby-shop-rb-w410-5000w
ณัฐพล2 (หนึ่ง),Search - Wall Chaser - TH,Search,Google Search,Wall Chaser - Model,rb-1009,Exact,https://www.rubyshop.co.th/products/ruby-shop-rb-1009-4800w
ณัฐพล2 (หนึ่ง),Search - Mortar Sprayer - TH,Search,Google Search,Mortar - Core,เครื่องพ่นปูน,Exact,https://www.rubyshop.co.th/product-categories/mortar-sprayer
ณัฐพล2 (หนึ่ง),Search - Mortar Sprayer - TH,Search,Google Search,Mortar - Core,เครื่องพ่นปูนซีเมนต์,Exact,https://www.rubyshop.co.th/product-categories/mortar-sprayer
ณัฐพล2 (หนึ่ง),Search - Mortar Sprayer - TH,Search,Google Search,Mortar - Core,mortar sprayer,Exact,https://www.rubyshop.co.th/product-categories/mortar-sprayer
ณัฐพล2 (หนึ่ง),Search - Mortar Sprayer - TH,Search,Google Search,Mortar - Core,เครื่องพ่นปูน,Phrase,https://www.rubyshop.co.th/product-categories/mortar-sprayer
ณัฐพล2 (หนึ่ง),Search - Mortar Sprayer - TH,Search,Google Search,Mortar - Core,cement mortar sprayer,Phrase,https://www.rubyshop.co.th/product-categories/mortar-sprayer
